"Search Parameters"	"Year"	"Mo"	"Dy"	"Hr"	"Mn"	"Sec"	"Country"	"Location Name"	"Latitude"	"Longitude"	"Focal Depth (km)"	"Mag"	"MMI Int"	"Deaths"	"Missing"	"Injuries"	"Damage ($Mil)"	"Houses Destroyed"	"Houses Damaged"	"Total Deaths"	"Total Missing"	"Total Injuries"	"Total Damage ($Mil)"	"Total Houses Destroyed"	"Total Houses Damaged"
"[""Region = North America and Hawaii""]"																									
	1475						"MEXICO"	"MEXICO:  MEXICO CITY"																	
	1500						"USA"	"HAWAII"																	
	1523						"MEXICO"	"MEXICO:  VERACRUZ"	19.2	-96.4															
	1537						"MEXICO"	"MEXICO:  SOUTHERN"																	
	1538						"MEXICO"	"MEXICO:  MEXICO CITY"	19.2	-99.1															
	1542	3	17				"MEXICO"	"MEXICO:  MEXICO CITY"	19.2	-99.1															
	1568	12	27				"MEXICO"	"MEXICO:  COCULA,JALISCO"	20.2	-103.5				60						60					
	1573						"MEXICO"	"MEXICO:  COLIMA"	19.2	-104															
	1603						"MEXICO"	"MEXICO:  OAXACA, MIXTECA"	18	-92.5															
	1604	3				0	"MEXICO"	"MEXICO:  OAXACA"	17	-96.3															
	1608	1	8			0	"MEXICO"	"MEXICO:  OAXACA"	17	-96.3															
	1611	8	25			0	"MEXICO"	"MEXICO:  MEXICO CITY,JALISCO"	19.5	-99.1															
	1611	9	25			0	"MEXICO"	"MEXICO"	19.5	-99.1															
	1619	2	13				"MEXICO"	"MEXICO:  OAXACA"	17	-96.3															
	1622	5	6			0	"MEXICO"	"MEXICO:  ZACATECAS"	23	-103															
	1662	6	7			0	"MEXICO"	"MEXICO:  OAXACA"	17	-96.3															
	1663	2	5	22	30	0	"CANADA"	"CANADA:  ST LAWRENCE VALLEY"	47.6	-70.1			10												
	1667	7	30				"MEXICO"	"MEXICO:  PUEBLA"	18.8	-98															
	1668	4	13				"USA"	"BOSTON AND SALEM, MASSACHUSETTS"	42.35	-71.05			4												
	1682					0	"MEXICO"	"MEXICO:  OAXACA,MEXICO CITY"	17	-96.3															
	1697	2	25				"MEXICO"	"MEXICO:  MEXICO CITY,ACAPULCO"	16.7	-99.2															
	1700	1	27	5	0		"USA"	"CASCADIA SUBDUCTION ZONE"	45	-125		9													
	1701	12	21			0	"MEXICO"	"MEXICO:  OAXACA"	16.5	-97															
	1711	8	16				"MEXICO"	"MEXICO:  MEXICO CITY, COLIMA, GUADALAJARA"	19.2	-103.7															
	1714	5	5			0	"MEXICO"	"MEXICO:  OAXACA"	17	-96.3															
	1716	2	16				"MEXICO"	"MEXICO:  BAJA CALIFORNIA"	29	-114															
	1727	3	10			0	"MEXICO"	"MEXICO:  MEXICO CITY,OAXACA"	19.2	-99.1															
	1731	11	15				"MEXICO"	"MEXICO"	23	-102				1						1					
	1732	2	25				"MEXICO"	"S. MEXICO"	16.8	-99.9															
	1739	7	14			0	"MEXICO"	"MEXICO:  COLIMA"	19.2	-104															
	1740	8	25			0	"MEXICO"	"MEXICO:  OAXACA,MEXICO CITY"	17	-96.3															
	1749						"MEXICO"	"MEXICO:  COLIMA, GUADALAJARA, MEXICO CITY"	20.7	-103.3															
	1750						"MEXICO"	"MEXICO:  COLIMA, GUADALAJARA, MEXICO CITY"	20.7	-103.3															
	1754	9	1	7	0		"MEXICO"	"MEXICO:  ACAPULCO"	16.8	-99.2															
	1755	11	18	9	11	35	"USA"	"MASSACHUSETTS:  EAST OF CAPE ANN"	42.7	-70.3		7	8												
	1759	6	29			0	"MEXICO"	"MEXICO:  JORULLO"	19.5	-102.3															
	1774	11	6				"MEXICO"	"MEXICO:  JALISCO,ZACATECAS"	22.04	-103.73			9												
	1774					0	"CANADA"	"CANADA:  NEWFOUNDLAND"	47	-55				300											
	1776	4	21				"MEXICO"	"MEXICO: GUERRERO, MORELOS, OAXACA, MEXICO CITY"	16.7	-99.2															
	1777					0	"MEXICO"	"MEXICO:  JALISCO"	20.3	-103.7															
	1784	3	28				"MEXICO"	"MEXICO:  GUERRERO, ACAPULCO"	16.9	-99.9															
	1784	4	2			0	"MEXICO"	"MEXICO:  OAXACA"	17	-96.3															
	1787	3	28	17	30		"MEXICO"	"MEXICO:  SAN MARCOS, OAXACA"	16.5	-98.5		8.3								11					
	1787	4	3	15	30		"MEXICO"	"MEXICO:  SAN MARCOS, OAXACA"	15.5	-97		7.3													
	1788	7	21				"USA"	"ALASKA PENINSULA: UNGA ISLAND"	57	-153		8	7												
	1788	8	6				"USA"	"ALASKA PENINSULA"	55	-161		8													
	1792						"USA"	"ALASKA:  KODIAK ISLAND"	57	-152			7												
	1795	5	23				"MEXICO"	"MEXICO:  OAXACA"	17	-96.3															
	1800	3	8			0	"MEXICO"	"MEXICO:  MEXICO CITY,OAXACA"	19.2	-99.1															
	1801	10	5				"MEXICO"	"MEXICO:  OAXACA"	16.2	-96.1		7		7						7					
	1806	3	25	8			"USA"	"CALIFORNIA:  SANTA BARBARA"	34.4	-119.7			6												
	1806	3	25				"MEXICO"	"MEXICO:  JALISCO,OAXACA,MICHOACAN"	18.9	-103.8		7.5													
	1810	8	27				"MEXICO"	"MEXICO:  BAJA CALIFORNIA: LORETO"	26	-111.35		7.4	9												
	1811	12	16	8	15		"USA"	"ARKANSAS: NORTHEAST (NEW MADRID EARTHQUAKES)"	35.6	-90.4		7.5	11												
	1811	12	16	13	15		"USA"	"ARKANSAS: NORTHEAST (NEW MADRID EARTHQUAKES)"	35.6	-90.4		7	10												
	1812	1	23	15		0	"USA"	"MISSOURI:  NEW MADRID"	36.3	-89.6		7.3	10												
	1812	2	7	9	45	0	"USA"	"MISSOURI:  NEW MADRID"	36.5	-89.6		7.5										1			
	1812	12	8	15			"USA"	"CALIFORNIA:   SAN JUAN CAPISTRANO"	34.37	-117.65		6.9	8	40						40					
	1812	12	21	19			"USA"	"CALIFORNIA:   PURISIMA"	34.2	-119.9		7.5	8	1					100	1					100
	1815	5	3			0	"MEXICO"	"MEXICO:  OAXACA,TAMAZULAPAN"	17	-96.3															
	1817	1	8				"USA"	"PENNSYLVANIA:  PHILADELPHIA"	39.95	-75.1															
	1818	3	31				"MEXICO"	"MEXICO"	19.1	-103.6		7.5													
	1818	5	31			0	"MEXICO"	"MEXICO:  MORELOS-GUERRERO,MEXICO CITY,GUADALAJARA"	19.1	-103.94			10	2000						2000					
	1820	3	1				"USA"	"ALASKA:  EAST ALEUTIAN ISLANDS"	54.52	-164.65															
	1820	5	4				"MEXICO"	"MEXICO:  GUERRERO, OAXACA, PUEBLA, VERACRUZ"	17.2	-99.6		7.6													
	1823	5	30				"USA"	"LAKE ERIE (GREAT LAKES)"	42.7	-79															
	1830	1				0	"MEXICO"	"MEXICO:  OAXACA"	17	-96.3															
	1833	3	10				"MEXICO"	"S. MEXICO"	16.8	-99.9															
	1834	3	14				"MEXICO"	"MEXICO:  ACAPULCO"	16.8	-99.9		7													
	1836	6	10	15	30	0	"USA"	"CALIFORNIA"	38	-122			10												
	1837	8	9	21	30		"MEXICO"	"MEXICO: ACAPULCO"	16.86	-99.88		6.5													
	1837	10	18	21	0		"MEXICO"	"MEXICO: MEXICO CITY,  ACAPULCO"	19.45	-99.15		7													
	1837	11	22				"MEXICO"	"MEXICO:  GUADALAJARA"	20	-105		7.5													
	1838	6					"USA"	"CALIFORNIA:  SAN FRANCISCO,SAN JOSE,SANTA CLARA"	37.6	-122.4		7	8												
	1839	3					"USA"	"HAWAII"																	
	1840	11	11				"USA"	"PENNSYLVANIA:  PHILADELPHIA"	39.8	-75.2		5.2													
	1842	11	1				"CANADA"	"CANADA:  MONTREAL"																	
	1845	3	9			0	"MEXICO"	"MEXICO:  OAXACA"	17	-96.3															
	1845	4	7				"MEXICO"	"MEXICO:  MEXICO CITY"	17	-100.6		8													
	1847	10	2				"MEXICO"	"MEXICO:  OAXACA"	17	-96.3													3		
	1848	5	31			0	"MEXICO"	"MEXICO:  OAXACA,GUERRERO"	17	-96.3															
	1851	5	15	16	10	0	"USA"	"CALIFORNIA:  NORTHERN"	37.8	-122.4			6												
	1851	11	13	2	51	0	"USA"	"CALIFORNIA:  NORTHERN"	40	-122															
	1852	1	24			0	"MEXICO"	"MEXICO:  OAXACA"	17	-96.3															
	1852	11	25	7	9	0	"USA"	"CALIFORNIA:  NORTHERN"																	
	1852	11	29				"MEXICO"	"N. MEXICO"	32.5	-115.5		7													
	1852	12	4				"MEXICO"	"S. MEXICO"	17	-100				1						1					
	1853	2	1	21			"USA"	"CALIFORNIA:  SAN SIMEON"	35.5	-121			8												
	1854	1	2			0	"MEXICO"	"MEXICO:  DURANGO"	24	-104.4															
	1854	1	13			0	"MEXICO"	"MEXICO:  TLAPUJAHUA"	19.8	-100.2															
	1854	1	27	18	10	0	"USA"	"ALASKA:  GULF OF ALASKA"	57	-152			5												
	1854	5	5			0	"MEXICO"	"MEXICO:  VERACRUZ,OAXACA"	17	-96.3															
	1854	5	31	12	59		"USA"	"CALIFORNIA:  SOUTHERN"	34.4	-119.7															
	1854	10	22	3	35		"USA"	"CALIFORNIA:  NORTHERN"	37.8	-122.4															
	1855	2	1			0	"MEXICO"	"MEXICO:  GUERRERO,OAXACA"	17	-96.3															
	1855	3	8			0	"MEXICO"	"MEXICO:  OAXACA"	17	-96.3															
	1855	3	20	0	30	0	"USA"	"CALIFORNIA:  NORTHERN"	40.75	-124.2			5												
	1855	7	11	4	15		"USA"	"CALIFORNIA:  LOS ANGELES"	34.1	-118.1		6	8					1	26					1	26
	1855	10	22	3	45		"USA"	"CALIFORNIA:  SAN FRANCISCO"	37.8	-122.4															
	1856	2	2			0	"MEXICO"	"MEXICO:  OAXACA"	17	-96.3															
	1856	2	15	13	25		"USA"	"CALIFORNIA:  NORTHERN"	37.5	-122.3		5.5	7												
	1857	1	9	10	13	0	"USA"	"CALIFORNIA:  SAN FRANCISCO"	35	-119		8.3	7												
	1858	5	2			0	"MEXICO"	"MEXICO:  OAXACA"	17	-96.3															
	1858	6	19			0	"MEXICO"	"MEXICO:  MEXICO CITY"	19.2	-99.1															
	1858	11	26	8	35	0	"USA"	"CALIFORNIA:  SAN JOSE,SAN FRANCISCO"	37.5	-122			9												
	1859	9	24			0	"USA"	"CALIFORNIA:  HALF MOON BAY"	37.6	-122.3															
	1861	7	4	0	11	0	"USA"	"CALIFORNIA:  CONTRA COSTA,ALAMEDA COUNTIES"	37.5	-122			11												
	1862	5	27				"USA"	"CALIFORNIA:  SAN DIEGO"	32.7	-117.2		5.9	7												
	1864	6	27	22	30		"CANADA"	"OFF COAST SW AVALON PENINSULA, NEWFOUNDLAND"	46.5	-53.7															
	1864	10	3				"MEXICO"	"MEXICO:  PUEBLA,VERACRUZ,ACULTZINGO,ACATZINGO"	17.5	-100.1		7		20						20					
	1865	3	7	14		0	"USA"	"CALIFORNIA:  SONOMA COUNTY:  E CENTRAL"	38.5	-122.5			8												
	1865	10	1	17	15	0	"USA"	"CALIFORNIA:  FORT HUMBOLDT, EUREKA"	41	-124.5			9												
	1865	10	8	20	46		"USA"	"CALIFORNIA:  SANTA CRUZ"	37.2	-121.9		6.3	8				0.5						0.5		
	1866	1	2				"MEXICO"	"MEXICO:  PUEBLA, VERACRUZ"	19	-98															
	1866	9	5	13	0	0	"USA"	"ALASKA:  KODIAK ISLAND, AK"	58	-152															
	1868	4	3	2	24		"USA"	"HAWAII:  SE OF"	19	-155.5		7.9	10	31				46		77					
	1868	4	7			0	"MEXICO"	"MEXICO:  GUANAJUATO"	21	-101															
	1868	5	15			0	"USA"	"ALASKA PENINSULA"	55	-161															
	1868	5	22			0	"MEXICO"	"MEXICO:  SAN JOSE DE ITURBIDE,PUEBLA,VERACRUZ"	21.2	-100.5															
	1868	5	25				"MEXICO"	"MEXICO:  ACAPULCO"	16.8	-99.2															
	1868	8	12				"MEXICO"	"MEXICO:  ACAPULCO"	16.8	-99.9															
	1868	10	21	15	53	0	"USA"	"CALIFORNIA:  HAYWARD,SAN FRANCISCO"	37.7	-122.1		6.8	9	30			0.35			30			0.35		
	1869	2	10	11	50		"USA"	"CALIFORNIA:  SAN FRANCISCO"	37.783	-122.417															
	1869	2	13	11	30		"USA"	"CALIFORNIA:  SAN FRANCISCO"	37.783	-122.417															
	1870	5	11				"MEXICO"	"MEXICO:  OAXACA,ZANAGUIA,SAN FRANCISCO OZOLOTEPEC"	15.4	-96.3		7.9		24		20				24		20			
	1870	10	20	16	30		"CANADA"	"CANADA:  QUEBEC: QUEBEC CITY, CHARLEVOIX"	47.4	-70.5				2				16		2				16	
	1871	2	7				"MEXICO"	"MEXICO:  MINATITLAN"	18.2	-94.5															
	1871	2	20	8	41		"USA"	"HAWAIIAN ISLANDS"	20.7	-157		7													
	1871	3	2	21	5		"USA"	"CALIFORNIA:  HUMBOLDT COUNTY"	40.4	-124.2		5.9	7												
	1871	6	18	0	0	0	"USA"	"NEW YORK:  LONG ISLAND"	40.5	-73.9															
	1872	3	26	10	30		"USA"	"CALIFORNIA:  OWENS VALLEY"	36.7	-118.1		7.8	10	27		56	0.25	52		27		56	0.25	52	
	1872	3	27			0	"MEXICO"	"MEXICO:  OAXACA,MEXICO CITY"	17	-96.3															
	1872	8	23	18	6		"USA"	"ALASKA:  ALEUTIAN ISLANDS:  FOX ISLANDS"	52.2	-168.5															
	1872	11	18			0	"USA"	"NEW HAMPSHIRE: CONCORD"	43.2	-71.53															
	1873	11	23	5	9		"USA"	"CALIFORNIA:  NORTHERN"	42	-124		6.7	8												
	1874	3	16			0	"MEXICO"	"MEXICO:  MORELOS,GUERRERO"	28.2	-100.2															
	1875	2	11			0	"MEXICO"	"MEXICO:  SAN CRISTOBAL DE LA BARRANCA"	20.7	-103.4		7.5		25						25					
	1875	2	24				"MEXICO"	"S. MEXICO"	20	-105															
	1877	2	24				"USA"	"HAWAII"																	
	1878	1	20				"USA"	"ALASKA:  ALEUTIAN ISLANDS"																	
	1878	3	22			0	"MEXICO"	"MEXICO:  JALISCO"	20.3	-103.4															
	1878	5	21			0	"MEXICO"	"MEXICO:  BAJA CALIFORNIA"	34.1	-117.3		4.3													
	1878	8	29			0	"USA"	"ALASKA:  EAST ALEUTIAN ISLANDS"	53.6	-166.4															
	1879	8	10	21	7		"USA"	"CALIFORNIA:  SAN FERNANDO"	34.227	-118.433															
	1880	9	29	4	0	0	"USA"	"ALASKA PENINSULA"	55.8	-155.6															
	1880	10	26	22	20	0	"USA"	"ALASKA:  SOUTHEASTERN"	57	-136		7													
	1882	7	19				"MEXICO"	"MEXICO:  PUEBLA,HUAHUAPAN,HUAMUXTITLAN,XALPATLAHUAC"	17.5	-98.3				7		10				7		10			
	1884	8	10	19	7		"USA"	"NEW YORK: ROCKAWAY BEACH, NEAR NEW YORK CITY"	40.6	-73.75		5.5	7												
	1884	12	21				"USA"	"CONNECTICUT: NEW HAVEN"	41.31	-72.92															
	1885	2	11			0	"MEXICO"	"MEXICO:  JALISCO:  SAN CRISTOBAL"	20.8	-103.4			8												
	1886	9	1	2	51	0	"USA"	"SOUTH CAROLINA:  CHARLESTON"	32.9	-80		7.3	10	60			5			60			6		
	1887	5	3	9			"MEXICO"	"MEXICO:  BAVISPE"	30.8	-109.25	80	7.4	12	51						51					
	1887	5	29				"MEXICO"	"MEXICO:  GUERRERO,MORELOS"	28.2	-100.2															
	1887	8	29			0	"MEXICO"	"MEXICO:  GUERRERO"	17.7	-100															
	1889	8	17			0	"MEXICO"	"MEXICO:  GUERRERO"	17.7	-100															
	1889	10	1			0	"MEXICO"	"MEXICO:  MORELOS"	18.8	-99															
	1891	7	30				"MEXICO"	"N. MEXICO"	25.5	-103.5															
	1891	11	29	23	21		"USA"	"WASHINGTON:  PUGET SOUND"	48	-123.5			6												
	1892	2	24	7	20		"MEXICO"	"MEXICO:  BAJA CALIFORNIA"	31.5	-116.5			10												
	1892	4	19	10	50	0	"USA"	"CALIFORNIA:  VACAVILLE,WINTERS"	38.5	-122.5			9				0.25								
	1892	4	21	17	43		"USA"	"CALIFORNIA:  WINTERS"	38.5	-121.9		6.2	9												
	1895	9	1	11	9		"USA"	"NEW JERSEY: HIGH BRIDGE"	40.667	-74.883		4.3	6												
	1895	10	31	11	8		"USA"	"MISSOURI:  CHARLESTON"	37	-89.4															
	1896	3	2				"MEXICO"	"MEXICO:  COLIMA"	19.2	-104															
	1897	6	5			0	"MEXICO"	"MEXICO:  OAXACA:  TEHUANTEPEC"	17	-96.3		7													
	1897	6	20				"MEXICO"	"MEXICO:  TEHUANTEPEC"	16	-95		7													
	1898	3	31	7	43		"USA"	"CALIFORNIA:  SONOMA COUNTY"	38.2	-122.4		6.5	8												
	1898	4	14			0	"USA"	"CALIFORNIA:  N COAST,MENDOCINO COUNTY"	39	-124			10												
	1898	6	29	18	36	0	"USA"	"ALASKA:  ALEUTIAN ISLANDS:  NEAR ISLANDS"	52	172		7.6													
	1899	1	24	23	43	0	"MEXICO"	"MEXICO:  GUERRERO-OAXACA"	17	-98	60	8.4													
	1899	9	4	0	22		"USA"	"ALASKA:  CAPE YAKATAGA"	60	-142	25	8.2	11												
	1899	9	10	17	4		"USA"	"ALASKA:  CAPE YAKATAGA"	60	-140	25	7.8	7												
	1899	9	10	21	41		"USA"	"ALASKA:  SE ALASKA"	60	-140	60	8.2	11												
	1899	12	25	12	25		"USA"	"CALIFORNIA"	33.5	-117		6.4	9	6		8									
	1900	1	20	6	33	30	"MEXICO"	"MEXICO"	20	-105	10	7.4													
	1900	5	16	20	12	0	"MEXICO"	"MEXICO:  NEAR COAST OF JALISCO"	20	-105	60	7.8													
	1900	8	11	4	40	0	"USA"	"ALASKA:  SE. ALASKA"	58.6	-137.5										5					
	1900	10	9	12	25		"USA"	"ALASKA:  KODIAK ISLAND"	57.09	-153.48		8.3	8												
	1901	3	3	7	45		"USA"	"CALIFORNIA:  SAN DIEGO"	36	-120.5		6.4	8												
	1901	12	31	9	2	30	"USA"	"ALASKA:  ALEUTIAN ISLANDS:  FOX ISLANDS"	51.45	-171.02		7.8													
	1902	1	1	5	20	0	"USA"	"ALASKA:  ALEUTIAN ISLANDS:  FOX ISLANDS"	52.4	-167.5		7.8													
	1902	1	16				"MEXICO"	"MEXICO:  GUERRERO"	17.6	-99.7		7		2						2		2			
	1902	4	29	6	57	0	"USA"	"CALIFORNIA:  SOUTHERN"	34.5	-120.5			7												
	1902	9	23	20	18	30	"MEXICO"	"MEXICO:  VENUSTIANO CARRANZA,CHIAPAS,CHIS,TABASCO"	16.6	-92.6	100	7.8													
	1902	11	17	19	50		"USA"	"UTAH"	37.4	-113.5			8												
	1902	12	12	23	10		"MEXICO"	"MEXICO:  BAJA CALIFORNIA"	29	-114	60	7.8													
	1903	1	14	1	47	36	"MEXICO"	"MEXICO:  OFF COAST OF GUERRERO"	15	-98	33	7.7													
	1903	6	2	13	17		"USA"	"ALASKA:  SOUTHWEST"	61.56	-158.54		8.3													
	1903	7	16				"MEXICO"	"MEXICO:  ACAPULCO"	16.7	-99.2															
	1904	8	27	21	56		"USA"	"ALASKA:  RAMPART"	64.66	-148.08		8.3	6												
	1905	2	14	8	46		"USA"	"ALASKA:  ANDREANOF ISLANDS"	50.73	-178.55		7.9													
	1905	5	9			0	"MEXICO"	"MEXICO:  JALISCO"	20.3	-103.4															
	1906	4	10	21	22	0	"MEXICO"	"MEXICO:  REVILLA GIGEDO ISLANDS"	19	-113.8	60	7.5													
	1906	4	18	13	12	21	"USA"	"CALIFORNIA:  SAN FRANCISCO"	37.67	-122.48	20	7.9	11	700			400	28188							
	1906	8	17	0	10	42	"USA"	"ALASKA:  ALEUTIAN ISLANDS:  RAT ISLANDS"	51.05	179.69	25	7.8													
	1906	12	23	17	22		"USA"	"ALASKA:  ALEUTIAN ISLANDS"	56.85	-153.9		7.6													
	1907	4	15	6	8	6	"MEXICO"	"MEXICO:  GUERRERO"	17	-100	60	8.3		8						8					
	1907	9	2	16	1		"USA"	"ALASKA:  ALEUTIAN ISLANDS"	52.59	-169.73		7.8													
	1907	9	24	12	59		"USA"	"ALASKA:  SKAGWAY"	59.5	-135.5		5.5	5												
	1907	10	16	14	57	0	"MEXICO"	"MEXICO:  GULF OF CALIFORNIA"	28	-112.5	60	7.7													
	1908	2	14	11	25		"USA"	"ALASKA:  GULF OF ALASKA"	61	-146.2		6													
	1908	3	26	23	3	30	"MEXICO"	"MEXICO:  GUERRERO"	18	-99	80	8.1													
	1908	3	27	3	45	30	"MEXICO"	"MEXICO:  GUERRERO"	17	-101		7.5													
	1908	9	21	6	31		"USA"	"HAWAII"	19	-155	33	6.8													
	1909	4	10	19	36		"USA"	"ALASKA:  ALEUTIAN ISLANDS"	52	175		7.8													
	1909	7	30	10	51	54	"MEXICO"	"MEXICO:  ACAPULCO"	16.8	-99.8		7.8													
	1909	10	6	2	41		"USA"	"UTAH"	41.8	-112.7			7												
	1909	10	31	10	23	0	"MEXICO"	"MEXICO:  GUERRERO,MICHOACAN"	17	-101.2		4.7													
	1910	9	24	3		0	"MEXICO"	"MEXICO:  OAXACA"	16.8	-95.9		6.9	9												
	1911	6	7	11	2	42	"MEXICO"	"MEXICO:  MICHOACAN"	17.5	-102.5	11	7.9		45		22				45		22			
	1911	9	22	5	1	24	"USA"	"ALASKA:  PRINCE WILLIAM SOUND"	60.5	-149	60	6.9	8												
	1911	12	16	19	14		"MEXICO"	"MEXICO:  NEAR COAST OF GUERRERO"	17	-100.7	50	7.6	4												
	1912	5	8				"MEXICO"	"MEXICO:  GUADALAJARA"	20.4	-103.2															
	1912	9	19				"MEXICO"	"MEXICO:  ACAMBAY-TIXMADEJE"	19.9	-99.9															
	1912	11	7	7	40	0	"USA"	"ALASKA:  ALASKA PENINSULA"	57.5	-155	90	7.5	5												
	1912	11	19	13	18	0	"MEXICO"	"MEXICO:  CENTRAL, ACAMBAY, TIXMADEJE"	19.9	-99.8		7.8													
	1914	3	30	0	41	0	"MEXICO"	"MEXICO:  CHIAPAS"	16.8	-92.2	150	7.5													
	1915	6	23	4	56	0	"USA"	"CALIFORNIA:  EL CENTRO"	32.8	-115.5		6.2		6			0.9								
	1915	10	3	6	52	48	"USA"	"NEVADA:  PLEASANT VALLEY"	40.5	-117.5		7.6	10												
	1916	2	6	21	51	0	"USA"	"ALASKA:  ALEUTIAN ISLANDS"	48.5	178.5	60	7.7													
	1916	4	18	4	1	0	"USA"	"ALASKA:  ALEUTIAN ISLANDS:  FOX ISLANDS"	53.3	-170	170	7.5													
	1917	5	31	8	47		"USA"	"ALASKA:  ALASKA PENINSULA"	54.79	-169.12		7.9	5												
	1917	12	29	22	50	20	"MEXICO"	"MEXICO:  NEAR OAXACA COAST"	15	-97	33	7.7													
	1918	4	21	22	32	0	"USA"	"CALIFORNIA"	33.7	-117		6.8					0.2								
	1920	1	3	21	48	3	"MEXICO"	"MEXICO:  VERACRUZ: COZAUTLAN, PUEBLA: PATLANALA"	19.26	-96.97		7.8	10	648		167				648		167			
	1921	4	30	11	4	0	"MEXICO"	"MEXICO:  NEAR COAST OF JALISCO"	19.7	-104.3		7.7													
	1921	9	29	14	12		"USA"	"UTAH:  ELSINORE"	38.7	-112.1		5.2	8			2						2			
	1922	1	31	13	17	0	"USA"	"CALIFORNIA:  NORTHERN"	41	-125.5		7.6													
	1923	1	22	9	4	18	"USA"	"CALIFORNIA:  NORTHERN"	40.8	-124.5		7.2	8												
	1925	2	23	23	54	0	"USA"	"ALASKA:  GULF OF ALASKA"	60	-146		6.8													
	1925	6	28	1	21	5	"USA"	"MONTANA:  CLARKSTON VALLEY"	46.4	-111.24	25	6.7	8				0.15						0.15		
	1925	6	29	14	42	26.2	"USA"	"CALIFORNIA:  SANTA BARBARA"	34.418	-120.196	10	6.8	9	13			8			13			8		
	1925	11	16	11	54	54	"MEXICO"	"S. MEXICO"	18.5	-107	80	7													
	1926	3	20	9	3	0	"USA"	"HAWAII"	20.5	-155.5															
	1927	1	1	8	16	0	"USA"	"CALIFORNIA, MEXICO"	32.5	-115.5		5.8					1		20	1			3		20
	1927	10	24	15	59	44.8	"USA"	"ALASKA:  SE ALASKA"	57.69	-136.07	0	7.1	7												
	1927	11	4	13	50	43	"USA"	"CALIFORNIA:  S:  OFF COAST"	34.813	-120.774	10	7.3	8												
	1928	2	9				"CANADA"	"BRITISH COLUMBIA"	49	-125	33	5.8													
	1928	2	10	4	39	0	"MEXICO"	"MEXICO:  OAXACA,COLIMA,PUEBLA,GUERRERO,MORELOS"	17.8	-97.6	100	7.7													
	1928	3	22	4	17		"MEXICO"	"MEXICO:  OAXACA"	15.67	-96.1	60	7.7													
	1928	4	16	21	26	15	"MEXICO"	"MEXICO:  OAXACA"	17.75	-97.1		7.8													
	1928	6	17	3	19	33.1	"MEXICO"	"MEXICO:  OAXACA"	16.028	-97.036	35	7.7		4						4					
	1928	10	9	3	1	8	"MEXICO"	"MEXICO:  OAXACA"	16	-97	60	7.6													
	1929	3	7	1	34	0	"USA"	"ALASKA:  ALEUTIAN ISLANDS:  FOX ISLANDS"	51	-170	50	7.8	5												
	1929	5	26	22	39	54	"CANADA"	"CANADA: QUEEN CHARLOTTE ISLANDS"	51	-131	33	7													
	1929	8	12	11	24	0	"USA"	"NEW YORK:  ATTICA"	42.9	-78.3															
	1929	11	18	20	31	59.7	"CANADA"	"CANADA:  GRAND BANKS"	44.426	-56.03	10	7.2	6							28			1		
	1929	12	17	10	58	0	"USA"	"ALASKA:  ALEUTIAN ISLANDS:  NEAR ISLANDS"	52.5	171.5	25	7.8													
	1930	8	31	0	40	38	"USA"	"CALIFORNIA:  SOUTHERN"	34.03	-118.643	15	5.2	7							1					
	1931	1	15	1	50	0	"MEXICO"	"MEXICO:  OAXACA"	16.1	-96.8	50	7.9	10												
	1932	6	3	10	36	58.9	"MEXICO"	"MEXICO:  NEAR COAST OF JALISCO"	19.623	-103.919	35	8.1	10	400		120				400		120			
	1932	6	18	10	12	33.3	"MEXICO"	"MEXICO:  CENTRAL, COLIMA"	19.081	-103.631	15	7.8	10												
	1932	6	22	12	59	30.6	"MEXICO"	"MEXICO:  CENTRAL"	19.242	-104.383	25	7.7						400		75		100		400	
	1932	11	10				"USA"	"NEW YORK:  WILLETTS POINT"																	
	1932	12	20			0	"USA"	"NEVADA:  CEDAR MOUNTAIN"	38.7	-117.8		7.2	12												
	1933	3	11	1	54	7.8	"USA"	"CALIFORNIA:  LONG BEACH"	33.62	-117.97	16	6.3	9	120			41			120			41		
	1933	11	20	23	21	35.5	"CANADA"	"CANADA:  BAFFIN BAY"	73.122	-70.014	15	7.7													
	1934	3	12	15	5	40	"USA"	"UTAH"	41.7	-112.8		6.6	8	2						2					
	1934	11	30	2	5	10	"MEXICO"	"MEXICO:  JALISCO"	18.5	-105.5	5	7													
	1934	12	31			0	"USA"	"CALIFORNIA:  BAJA,IMPERIAL VALLEY"	31.8	-115.5		7.1	10												
	1935	10	19	4	48	2	"USA"	"MONTANA:  HELENA"	46.6	-112		6.2	8	2			19	300		2			19	300	
	1935	10	31	18	37	47	"USA"	"MONTANA:  HELENA"	46.6	-112		6	8	2			6			2			6		
	1935	12	14			0	"MEXICO"	"MEXICO:  TUXTLA GUTIERREZ,GUERRERO,MEXICO CITY"	16.5	-93.1															
	1937	7	26	3	47	9.4	"MEXICO"	"MEXICO:  CENTRAL, PUEBLA:  ESPERANZA, VERACRUZ"	18.523	-95.878	35	7.2		34						34					
	1937	10	5			0	"MEXICO"	"MEXICO:  CHILPANCINGO,TIXTLA"	17.3	-99.3															
	1937	12	23	13	18	3.5	"MEXICO"	"MEXICO:  GUERRERO:  OMETEPEC"	16.656	-98.338		7.4		4						4					
	1938	1	2			0	"MEXICO"	"MEXICO:  OMETEPEC"	16.1	-98.3			7												
	1938	3	22	15	22	14	"CANADA"	"CANADA:  BRITISH COLUMBIA"	52.2	-131.9	16	6.3													
	1938	6	28			0	"MEXICO"	"MEXICO:  TELOLOAPAN"	18.2	-99.5															
	1938	11	10	20	18	41.2	"USA"	"ALASKA"	55.48	-158.37	25	8.2	6												
	1940	5	19	4	36	40.9	"USA"	"CALIFORNIA; MEXICO"	32.733	-115.5	16	7.2	10	9			33			9			33		
	1940	7	14	5	52	53.5	"USA"	"ALASKA:  ALEUTIAN ISLANDS:  RAT ISLANDS"	52	178.2	65	7.4													
	1941	2	9	9	44	4	"USA"	"CALIFORNIA:  NORTHERN"	40.5	-125.25		6.6	6												
	1941	4	15	19	9	0	"MEXICO"	"MEXICO:  MICHOACAN, COLIMA, JALISCO"	18.9	-102.9	60	7.9	7												
	1942	11	12			0	"MEXICO"	"MEXICO:  JUCHITAN"	16.3	-95															
	1943	2	22	9	20	48.6	"MEXICO"	"MEXICO:  GUERRERO: PARICUTIN VOLCANO FORMS"	17.397	-101.37	20	7.4	7	5						5					
	1944	9	5	4	38	45.7	"USA"	"NEW YORK:  MASSENA"	44.957	-74.723	12	5.6	8				2						2		
	1946	4	1	12	29	1.3	"USA"	"ALASKA:  UNIMAK ISLAND"	53.492	-162.832	15	8.6	6							168			26.271		
	1946	6	23	17	13	19	"CANADA"	"BRITISH COLUMBIA"	49.87	-124.92		7.3													
	1946	11	1	11	14	0	"USA"	"ALASKA:  EAST ALEUTIAN ISLANDS"	51.5	-174.5	40														
	1947	4	10	15	58	0	"USA"	"CALIFORNIA"	35	-116.6		6.4													
	1948	5	14	22	31	0	"USA"	"ALASKA:  ALASKA PENINSULA"	54.5	-161	25	7.5													
	1948	12	4	0	22	48	"MEXICO"	"MEXICO:  MARIA MADRE ISLAND"	22	-106		6.9		4		21				4		21			
	1949	4	13	19	55	42	"USA"	"WASHINGTON"	47.167	-122.617		7	8	8			25			8			25		
	1949	8	22	4	1	12.2	"CANADA"	"CANADA:  QUEEN CHARLOTTE ISLANDS"	53.62	-133.27	25	8.1													
	1949	11	17	1	19	52	"USA"	"CALIFORNIA:  SOUTHERN"	33.75	-118.25			5				9						9		
	1950	11	17	19	28	0	"MEXICO"	"MEXICO:  GUERRERO"	16.5	-100.4		6.8	11												
	1950	12	14	14	15	49	"MEXICO"	"MEXICO:  ACAPULCO"	16.48	-98.22	50	7.5	5												
	1951	7	9	0	3	53.5	"MEXICO"	"MEXICO:  OAXACA:  MIAHIATLAN"	15.99	-96.605	25	6		1						1					
	1951	8	15	7	23	0	"USA"	"CALIFORNIA:  TERMINAL ISLAND"	33.5	-118.2			5				3								
	1951	8	21	10	57	0	"USA"	"HAWAII"	19.7	-156	60	6.9				2		8	230						
	1952	3	17	3	58	0	"USA"	"HAWAII"	19.11	-155.033	33														
	1952	7	21	11	52	14	"USA"	"CALIFORNIA:  KERN COUNTY"	35	-119.017	16	7.7	11	12			60			12			60		
	1952	8	22	22	41	24	"USA"	"CALIFORNIA:  KERN COUNTY"	35.333	-118.917	16	5.8	8	2			10	90		2			10	90	
	1954	2	5	15	18	4.9	"MEXICO"	"MEXICO:  CHIAPAS"	17.283	-92.382	85	6.1		6			17			6			17		
	1954	7	6	11	13	0	"USA"	"NEVADA:  FALLON"	39.4	-118.5		6.8													
	1954	8	23			0	"USA"	"NEVADA:  STILLWATER RANGE"	39.6	-118.5		6.8	12												
	1954	12	16	11	7	0	"USA"	"NEVADA:  DIXIE VALLEY"	39.3	-118.2		7	10												
	1955	1	25	12	23	0	"USA"	"CALIFORNIA:  TERMINAL ISLAND"	33.8	-118.2			4				3								
	1956	1	8	7	11	26	"MEXICO"	"MEXICO:  GUERRERO"	17	-99.5		6.5													
	1957	3	9	14	22	31.9	"USA"	"ALASKA"	51.292	-175.629	33	8.6								2		1			
	1957	3	22	14	21	0	"USA"	"ALASKA:  ALEUTIAN ISLANDS:  FOX ISLANDS"	55	-165.2		7.5	5												
	1957	7	28	8	40	1	"MEXICO"	"MEXICO:  ACAPULCO,MEXICO CITY"	16.5	-99.1	25	7.9	7	65			25			65			25		
	1958	7	10	6	15	59.9	"USA"	"ALASKA:  LITUYA BAY"	58.37	-136.665	35	7.8	11							5			0.1		
	1959	5	24	19	17	0	"MEXICO"	"MEXICO:  OAXACA;"	17	-96.3	100	6.8													
	1959	8	18	6	37	13.5	"USA"	"MONTANA:  HEBGEN LAKE"	44.712	-111.215	5	7.7	10	28			11			28			11		
	1959	8	26	8	25	31	"MEXICO"	"MEXICO:  GULF OF CAMPECHE"	18.3	-94.4		6.9		25		200				25		200			
	1961	4	4	21	32	0	"USA"	"CALIFORNIA:  TERMINAL ISLAND"	34	-118	16						4.5								
	1962	5	11	14	11	54.1	"MEXICO"	"MEXICO:  S"	17.2	-99.6	40	7	8	4						4					
	1962	5	19	14	58	15	"MEXICO"	"MEXICO:  S"	17.2	-99.5	33	7.2		3		16				3		16			
	1962	8	30	13	35	28.7	"USA"	"UTAH"	41.8	-111.8	37	5.8	7				1						1		
	1962	12	21	8	42	43	"USA"	"ALASKA:  ALEUTIAN ISLANDS:  FOX ISLANDS"	52.47	-168.54	33	6.5													
	1964	3	28	3	36	0	"USA"	"ALASKA"	61.017	-147.648	33	9.2	10	15			284			139			400		
	1964	7	6	7	22	13.2	"MEXICO"	"MEXICO:  GUERRERO"	18.136	-100.605	93	7.3		78		50				78		50			
	1965	2	4	5	1	21.6	"USA"	"ALASKA:  ALEUTIAN ISLANDS:  RAT ISLANDS"	51.29	178.55	36	8.7	6										0.01		
	1965	3	30	2	27	3.4	"USA"	"ALASKA:  ALEUTIAN ISLANDS:  RAT ISLANDS"	50.32	177.93	20	7.6													
	1965	4	29	15	28	43.7	"USA"	"WASHINGTON:  SEATTLE"	47.4	-122.3	59	6.6	8	7			28			7			28		
	1965	7	2	20	58	38.1	"USA"	"ALASKA:  ALEUTIAN ISLANDS:  FOX ISLANDS"	53.03	-167.55	40	6.5													
	1965	8	23	19	46	2.9	"MEXICO"	"MEXICO:  ME\XICO CITY, OAXACA"	16.3	-95.8	28	7.8		6						6					
	1968	8	2	14	6	43.7	"MEXICO"	"MEXICO:  OAXACA, GUERRERO"	16.519	-97.739	25	7.3	7	18			2.4			18			2.4		
	1968	9	25	10	38	39.5	"MEXICO"	"MEXICO-GUATEMALA:  S CHIAPAS"	15.573	-92.536	124	6.1		20		500				20		500			
	1969	10	2	4	56	46.5	"USA"	"CALIFORNIA:  SANTA ROSA"	38.467	-122.692	10	4.8	8	1			8.35			1			8.35		
	1970	3	11	22	38	34.6	"USA"	"ALASKA:  ANDREANOF ISLANDS"	57.5	-153.9	29	6	5												
	1970	6	24	13	9	8.3	"CANADA"	"CANADA:  QUEEN CHARLOTTE ISLANDS, BRITISH COLOMBIA"	51.8	-131	12	7.5													
	1971	2	9	14	0	41.8	"USA"	"CALIFORNIA:  SAN FERNANDO"	34.412	-118.4	8	6.5	11	65		2000	505			65		2000	505		
	1971	5	2	6	8	27.3	"USA"	"ALASKA:  ANDREANOF ISLANDS"	51.4	-177.2	43	7.1	6												
	1971	11	6	22	0	0.1	"USA"	"ALASKA:  ALEUTIAN ISLANDS:  RAT ISLANDS"	51.5	179.1	2	5.7													
	1972	7	30	21	45	14.1	"USA"	"ALASKA:  SITKA, JUNEAU"	56.82	-135.68	25	7.6	7												
	1973	1	30	21	1	12.5	"MEXICO"	"MEXICO:  S, FARIAS, TECOMAN"	18.48	-103	43	7.5		56		390				56		390			
	1973	2	21	14	45	57.3	"USA"	"CALIFORNIA:  OXNARD"	34.1	-119	8	5.7	7				1								
	1973	4	26	20	26	28.6	"USA"	"HAWAII: HILO"	19.936	-155.098	48	6.5	8			11	5.75					11	5.75		
	1973	8	28	9	50	40	"MEXICO"	"MEXICO:  VERACRUZ, MEXICO CITY"	18.27	-96.6	84	6.2	7	600						600					
	1975	2	2	8	43	39.1	"USA"	"ALASKA:  ALEUTIAN ISLANDS:  NEAR ISLANDS"	53.11	173.5	10	7.6	9												
	1975	3	28	2	31	5.7	"USA"	"IDAHO:  POCATELLO VALLEY"	42.06	-112.55	5	6	8			1	1		520			1	1		520
	1975	8	1	20	20	12.9	"USA"	"CALIFORNIA:  OROVILLE"	39.439	-121.528	15	5.6	8			10	3					10	3		
	1975	11	29	14	47	40.9	"USA"	"HAWAII"	19.451	-155.033	2	7.7	9				4			2			4		
	1976	6	7	14	26	39.1	"MEXICO"	"MEXICO:  MEXICO CITY"	17.4	-100.64	45	6.4													
	1978	3	19	1	39	14	"MEXICO"	"MEXICO:  ACAPULCO"	17.03	-99.74	36	6.6		1		25				1		25			
	1978	8	13	22	54	53.5	"USA"	"CALIFORNIA:  SOUTHERN"	34.35	-119.7	7	5.6	7			65	15								
	1978	11	29	19	52	47.6	"MEXICO"	"MEXICO:  OAXACA"	16.01	-96.591	18	7.7		9						9					
	1979	2	28	21	27	8.1	"USA"	"ALASKA"	60.691	-141.671	18	7.5	7												
	1979	3	14	11	7	16.3	"MEXICO"	"MEXICO:  GUERRERO"	17.813	-101.276	49	7.6		5		35	30	200		5		35	30	200	
	1979	10	15	23	16	54.1	"USA"	"CALIFORNIA:  IMPERIAL VALLEY; MEXICO: MEXICALI"	32.634	-115.324	10	6.9	9			91	30								
	1980	1	24	19	0	9.5	"USA"	"CALIFORNIA:  LIVERMORE"	37.855	-121.816	11	5.9	7			50	11.5					50	11.5		
	1980	5	18	15	32	11.4	"USA"	"WASHINGTON:  MT ST HELENS"	46.214	-122.194	4	5.2	5							61			2000		
	1980	5	25	16	33	44.7	"USA"	"CALIFORNIA:  MAMMOTH LAKES"	37.6	-118.84	7	6.1	7			7	2					7	2		
	1980	6	9	3	28	18.9	"MEXICO"	"MEXICO:  NW"	32.22	-114.985	5	6.4	5	1		100				1		100			
	1980	7	27	18	52	21.8	"USA"	"KENTUCKY:  MAYSVILLE"	38.174	-83.907	8	5.1	7			2	1					2	1		
	1980	10	24	14	53	35.1	"MEXICO"	"MEXICO:  S, HUAJAPAN DE LEON, OAXACA"	18.211	-98.24	72	6.4	9	300			5			300			5		
	1980	11	8	10	27	34	"USA"	"CALIFORNIA:  NORTH COAST"	41.117	-124.253	19	7.2	7			6	2					6	2		
	1981	4	26	12	9	28.4	"USA"	"CALIFORNIA:  WESTMORLAND,CALIPATRIA"	33.133	-115.65	6	6	7				1.5						1.5		
	1981	10	25	3	22	15.5	"MEXICO"	"MEXICO:  MICHOACAN: LAZARO CARDENAS"	18.048	-102.084	33	7.3		3		28				3		28			
	1982	1	11	21	41	7.9	"CANADA"	"CANADA; MAINE:  CARIBOU, HAYNESVILLE, PRESQUE ISLE"	46.975	-66.659	7	4.5	6												
	1982	3	28	4	16	52.5	"MEXICO"	"MEXICO:  CHIAPAS"	17.25	-93.21	9	3.5		10		200				1879	1755		3.3		
	1982	6	7	10	59	40.1	"MEXICO"	"MEXICO:  GUERERRO, ORZIBA, OAXACA, GUADALUPE"	16.558	-98.358	34	7	6	9						9					
	1983	1	24	8	17	39.6	"MEXICO"	"MEXICO:  OAXACA:   SALINA CRUZ"	16.147	-95.232	57	6.7	7												
	1983	5	2	23	42	37.7	"USA"	"CALIFORNIA:  CENTRAL, COALINGA"	36.219	-120.317	10	6.2	8			45	31	500				45	31	500	
	1983	7	12	15	10	3.4	"USA"	"ALASKA:  PRINCE WILLIAM SOUND"	61.031	-147.286	37	6.1	6				1						1		
	1983	10	28	14	6	6.5	"USA"	"IDAHO:  BORAH PEAK, CHALLIS, MACKAY"	43.974	-113.916	14	7.3	9	2		2	12.5			2		2	12.5		
	1983	11	16	16	13	0	"USA"	"HAWAII: KAPAPALA"	19.43	-155.454	12	6.7	8			6	6.5					6	6.5		
	1984	4	24	21	15	19	"USA"	"CALIFORNIA:  CENTRAL:  MORGAN HILL"	37.32	-121.698	8	6.1	8			27	8					27	8		
	1984	10	18	15	30	23	"USA"	"WYOMING:  DOUGLAS, MEDICINE BOW"	42.375	-105.72	33	5.1	6												
	1985	9	19	13	17	47.3	"MEXICO"	"MEXICO:  MICHOACAN:  MEXICO CITY"	18.19	-102.533	28	8.1	9	9500		30000	4000			9500		30000	4000		
	1985	9	21	1	37	13.4	"MEXICO"	"MEXICO:  SW COAST:  MEXICO CITY"	17.802	-101.647	31	7.6	6												
	1986	5	7	22	47	10.8	"USA"	"ALASKA:  ALEUTIAN ISLANDS:  ADAK"	51.52	-174.776	19	8	6												
	1986	5	17	16	20	22.2	"USA"	"ALASKA:  ANDREANOF ISLANDS"	52.327	-174.504	26	6.4													
	1986	7	8	9	20	44.5	"USA"	"CALIFORNIA:  PALM SPRINGS"	34	-116.61	12	6	7			29	4.5					29	4.5		
	1986	7	13	13	47	8.2	"USA"	"CALIFORNIA:  SAN DIEGO, NEWPORT BEACH"	32.97	-117.869	6	5.8	6				0.7						0.7		
	1986	7	21	14	42	26.6	"USA"	"CALIFORNIA-NEVADA:  CHALFANT VALLEY"	37.537	-118.447	9	6.2	6				1						1		
	1987	10	1	14	42	20	"USA"	"CALIFORNIA:  WHITTIER"	34.061	-118.078	10	5.7	8	8		200	358			8		200	358		
	1987	10	4	10	59	38.1	"USA"	"CALIFORNIA:  WHITTIER, PASADENA"	34.07	-118.1	8	4.8		1						1					
	1987	11	17	8	46	53.3	"USA"	"ALASKA:  GULF OF ALASKA"	58.586	-143.27	10	7.2													
	1987	11	24	1	54	14.5	"USA"	"CALIFORNIA:  SUPERSTITION HILLS"	33.082	-115.775	5	6.2	6	2			3			2			3		
	1987	11	30	19	23	19.5	"USA"	"ALASKA:  YAKUTAT"	58.679	-142.786	10	7.9	6												
	1988	3	6	22	35	36.9	"USA"	"ALASKA:  GULF OF ALASKA:  ANCHORAGE"	57.262	-142.747	15	7.8	5												
	1988	11	25	23	46	4.5	"CANADA"	"CANADA:  QUEBEC:  SAGUENAY, QUEBEC CITY"	48.117	-71.183	29	5.8	7												
	1989	4	25	14	29	0.5	"MEXICO"	"MEXICO:  MEXICO CITY, ACAPULCO"	16.773	-99.328	19	6.8	6	3						3					
	1989	6	26	3	27	3.9	"USA"	"HAWAIIAN ISLANDS:  PUNA DISTRICT"	19.362	-155.083	9	6.1	6			5		105				5		105	
	1989	9	4	13	14	58.2	"USA"	"ALASKA"	55.543	-156.835	11	6.9													
	1989	10	18	0	4	15.2	"USA"	"CALIFORNIA:  LOMA PRIETA"	37.036	-121.883	19	6.9	9	62		3757	5600			62		3757	5600		
	1990	2	28	23	43	36.6	"USA"	"CALIFORNIA:  S,  CLAREMONT,  COVINA"	34.14	-117.7	5	5.5	7			30	12.7					30	12.7		
	1991	6	28	14	43	54.5	"USA"	"CALIFORNIA:  ARCADIA, GLENDALE, LOS ANGELES"	34.262	-118.002	11	5.1	7	2		104	33.5			2		104	33.5		
	1991	8	17	19	29	40	"USA"	"CALIFORNIA:  HONEYDEW, WHITETHORN, PETROLIA"	40.235	-124.348	12	6.2	7												
	1992	4	23	4	50	23.2	"USA"	"CALIFORNIA:  JOSHUA TREE, ANGELUS OAKS"	33.961	-116.318	12	6.3	7			32						32			
	1992	4	25	18	6	4.2	"USA"	"CALIFORNIA: HUMBOLDT COUNTY: FERNDALE, PETROLIA"	40.368	-124.316	15	7.1	8			98	75					98	75		
	1992	6	28	11	57	34.1	"USA"	"CALIFORNIA: LANDERS, YUCCA  VALLEY"	34.201	-116.436	1	7.6	9	3		400	92			3		400	92		
	1992	6	28	15	5	30.7	"USA"	"CALIFORNIA: BIG BEAR LAKE, BIG BEAR CITY"	34.203	-116.827	5	6.7	8												
	1992	6	29	10	14	22.2	"USA"	"NEVADA-CALIFORNIA BORDER:  NEVADA TEST SITE"	36.705	-116.293	9	5.4													
	1993	3	25	13	34	35.4	"USA"	"WASHINGTON-OREGON BORDER"	45.035	-122.607	21	5.6	7				28.4						28.4		
	1993	9	21	3	28	55.4	"USA"	"OREGON:  KLAMATH FALLS"	42.314	-122.012	11	6	7	2			7.5			2			7.5		
	1994	1	16	1	49	16.2	"USA"	"PENNSYLVANIA: READING, FELT TO CANADA"	40.33	-76.037	5	4.6	5												
	1994	1	17	12	30	55.3	"USA"	"CALIFORNIA:  NORTHRIDGE"	34.213	-118.537	18	6.7	9	60		7000	40000	40000		60		7000	40000	40000	
	1994	2	3	9	5	4.2	"USA"	"WYOMING:  AFTON"	42.762	-110.976	8	5.8	7												
	1994	9	1	15	15	53	"USA"	"CALIFORNIA:  NORTH:  HONEYDEW"	40.402	-125.68	10	7	6												
	1994	12	26	14	10	29.1	"USA"	"CALIFORNIA:  EUREKA, SAMOA, ARCATA, BLUE LAKE"	40.741	-124.31	23	5.5	7				2.1						2.1		
	1995	9	14	14	4	31.4	"MEXICO"	"MEXICO:  GUERRERO, OAXACA, PUEBLA, MEXICO CITY"	16.779	-98.597	23	7.4		3		100				3		100			
	1995	10	6	5	23	18.5	"USA"	"ALASKA:  FAIRBANKS NORTH STAR COUNTY"	65.17	-148.565	9	6													
	1995	10	9	15	35	53.9	"MEXICO"	"MEXICO:  JALISCO, MANZANILLO, SAN PATRICIO MELAQUE"	19.055	-104.205	33	8		49		200				50		200			
	1996	2	25	3	8	15.8	"MEXICO"	"MEXICO:  OFF COAST OF GUERRERO"	15.978	-98.07	21	7.1													
	1996	6	10	4	3	35.4	"USA"	"ALASKA:  ANDREANOF ISLANDS"	51.564	-177.632	33	7.9	6												
	1996	6	10	15	24	56	"USA"	"ALASKA:  ANDREANOF ISLANDS"	51.478	-176.847	24	7.3													
	1997	1	11	20	28	26	"MEXICO"	"MEXICO:  MICHOACAN, ARTEAGA"	18.219	-102.756	33	7.2		1						1					
	1998	2	3	3	2	0.2	"MEXICO"	"MEXICO:  OAXACA, SAN AGUSTIN, SAN FRANCISCO"	15.883	-96.298	33	6.3													
	1999	6	15	20	42	5.9	"MEXICO"	"MEXICO:  PUEBLA, VERACRUZ, OAXACA, MORELOS, GUERRERO"	18.386	-97.436	70	7		20		200	226.8		2000	20		200	226.8		2000
	1999	6	21	17	43	4.5	"MEXICO"	"MEXICO:  GUERRERO:  COAHUAYUTLA; MICHOACAN: CUITZEO"	18.324	-101.539	69	6.3							1300						1300
	1999	9	30	16	31	15.6	"MEXICO"	"MEXICO:  OAXACA"	16.059	-96.931	61	7.5	8	35		215	164.8		2000	35		215	164.8		2000
	1999	10	16	9	46	44.1	"USA"	"CALIFORNIA:  LUDLOW, LANDERS, TWENTYNINE PALMS"	34.594	-116.271		7.2	7			4						4			
	2000	9	3	8	36	30	"USA"	"CALIFORNIA:  NAPA"	38.379	-122.413	10	5	7			41	50					41	50		
	2001	2	28	18	54	32.8	"USA"	"WASHINGTON:  OLYMPIA, SEATTLE, TACOMA"	47.149	-122.727	52	6.8	8	1		400	2000			1		400	2000		
	2001	9	9	23	59	18	"USA"	"CALIFORNIA:  LOS ANGELES"	34.059	-118.387	5	4.2	6												
	2001	10	12	5	2	34	"CANADA"	"CANADA:  QUEEN CHARLOTTE ISLANDS"	52.63	-132.2	20	6.1													
	2002	1	30	8	42	3.4	"MEXICO"	"MEXICO:  VERACRUZ:  SAN ANDRES TUXTLA, TUXTEPEC"	18.194	-95.908	109	5.9													
	2002	2	22	19	32	41.7	"MEXICO"	"MEXICO:  MEXICALI, BAJA CALIFORNIA"	32.319	-115.322	7	5.5													
	2002	4	20	10	50	47.5	"USA"	"NEW YORK:  CLINTON, ESSEX, AU SABLE FORKS"	44.513	-73.699	11	5.2	7												
	2002	9	25	18	14	48.5	"MEXICO"	"MEXICO:  ACAPULCO"	16.87	-100.113	6	5.3				2						2			
	2002	10	23	11	27	19.4	"USA"	"ALASKA:  CANTWELL, DENALI NATL PARK"	63.514	-147.912	4	6.7	8												
	2002	11	3	22	12	41	"USA"	"ALASKA:  SLANA, MENTASTA LAKE, FAIRBANKS"	63.517	-147.444	5	7.9	9			1	56					1	56		
	2003	1	22	2	6	34.6	"MEXICO"	"MEXICO:  VILLA DE ALVAREZ, COLIMA, TECOMAN, JALISCO"	18.77	-104.104	24	7.5	8	29		300		2005	6615	29		300		2005	6615
	2003	2	22	12	19	10.5	"USA"	"CALIFORNIA:  BIG BEAR CITY"	34.31	-116.848	1	5.2	6												
	2003	4	29	8	59	39	"USA"	"ALABAMA:  FORT PAYNE,GAYLESVILLE,VALLEY HEAD"	34.494	-85.629	20	4.6	6												
	2003	6	6	12	29	34	"USA"	"KENTUCKY:  BARDWELL"	36.87	-88.98	3	4	6												
	2003	11	17	6	43	6.8	"USA"	"ALASKA:  ALEUTIAN ISLANDS:  RAT ISLANDS"	51.146	178.65	33	7.8													
	2003	12	22	19	15	56	"USA"	"CALIFORNIA:  PASO ROBLES,TEMPLETON,ATASCADERO"	35.706	-121.102	8	6.6	8	2		40	300	40		2		40	300		
	2004	1	1	23	31	50	"MEXICO"	"MEXICO:  GUERRERO, MEXICO CITY"	17.488	-101.303	29	6.1													
	2004	9	28	17	15	24.2	"USA"	"CALIFORNIA:  CENTRAL: PARKFIELD, SAN MIGUEL"	35.819	-120.364	9	6	6												
	2004	11	2	10	2	12.8	"CANADA"	"CANADA:  VANCOUVER ISLAND"	49.277	-128.772	10	6.6													
	2005	6	15	2	50	53.1	"USA"	"CALIFORNIA:  OFF COAST NORTHERN"	41.301	-125.97	10	7.2	4												
	2005	7	26	4	8	37.1	"USA"	"MONTANA:  DILLON, SILVER STAR, TWIN BRIDGES"	45.365	-112.615	13	5.6	6												
	2006	10	15	17	7	49.2	"USA"	"HAWAIIAN ISLANDS"	19.878	-155.935	39	6.7	8				73						73		
	2007	4	13	5	42	23	"MEXICO"	"MEXICO:  GUERRERO, ATOYAC"	17.302	-100.198	34	6	5					2						2	
	2007	5	8	15	46	49.1	"USA"	"MONTANA:  SHERIDAN"	45.394	-112.13	14	4.5	5												
	2007	7	20	11	42	22.3	"USA"	"CALIFORNIA:  MONTCLAIR"	37.804	-122.193	5	4.2													
	2007	8	2	3	21	42.8	"USA"	"ALASKA:  ALEUTIAN ISLANDS"	51.307	-179.971	21	6.7													
	2007	8	6	8	48	40	"USA"	"UTAH:  HUNTINGTON"	39.465	-111.237	2	4.2		9						9					
	2007	8	17	0	38	56	"USA"	"UTAH"	39.464	-111.207	0	1.6		3		6				3		6			
	2007	10	31	3	4	54.8	"USA"	"CALIFORNIA:  SAN JOSE"	37.434	-121.774	10	5.6													
	2008	2	9	7	12	5.8	"MEXICO"	"MEXICO:  BAJA CALIFORNIA"	32.456	-115.315	3	5.1													
	2008	2	21	14	16	2.7	"USA"	"NEVADA:  WELLS"	41.153	-114.867	7	6	8			3			720			3			720
	2008	4	18	9	36	59.1	"USA"	"ILLINOIS:  WEST SALEM"	38.452	-87.886	14	5.3													
	2008	4	26	6	40	10.6	"USA"	"NEVADA:  FALLON"	39.52	-119.93	1	5													
	2008	7	29	18	42	15.7	"USA"	"CALIFORNIA:  LOS ANGELES"	33.953	-117.761	15	5.4	6			8						8			
	2009	12	30	18	48	57.7	"MEXICO"	"MEXICO:  MEXICALI"	32.437	-115.165	9	5.9													
	2010	1	10	0	27	39.3	"USA"	"CALIFORNIA:  OFF COAST NORTHERN"	40.652	-124.692	29	6.5				30	21.8					30	21.8		
	2010	4	4	22	40	43.1	"MEXICO"	"MEXICO:  BAJA CALIFORNIA"	32.297	-115.278	4	7.2		2		233	1150			2		233	1150		
	2010	6	15	4	26	58.4	"USA"	"CALIFORNIA:  OCOTILLO"	32.7	-115.921	5	5.8													
	2010	6	23	17	41	41	"CANADA"	"CANADA:  QUEBEC:  VAL-DES-BOIS, GRACEFIELD"	45.88	-75.48	22	5.2	6												
	2010	6	30	7	22	27.6	"MEXICO"	"MEXICO:  SAN ANDRES HUAXPALTEPEC"	16.396	-97.782	20	6.2		1						1					
	2010	12	19	5	5	30	"USA"	"OKLAHOMA:  LUTHER"	35.827	-96.772	5	3.7													
	2011	2	17	22	47	21.5	"USA"	"COLORADO:  PAONIA"	38.947	-107.497	1	3.1													
	2011	6	24	3	9	39.4	"USA"	"ALASKA: ALEUTIAN ISLANDS: FOX ISLANDS"	52.05	-171.836	52	7.3													
	2011	8	23	5	46	18.2	"USA"	"COLORADO:  SEGUNDO"	37.063	-104.701	4	5.4	7												
	2011	8	23	17	51	4.5	"USA"	"VIRGINIA:  LOUISA COUNTY, MARYLAND, WASHINGTON D.C."	37.936	-77.933	6	5.8	7				200		600				200		600
	2011	9	2	10	55	53.5	"USA"	"ALASKA:  ALEUTIAN ISLANDS:  FOX ISLANDS"	52.171	-171.708	32	6.8													
	2011	11	6	3	53	10	"USA"	"OKLAHOMA:  SPARKS"	35.532	-96.765	5	5.7	8			2		14				2		14	
	2011	11	8	2	46	57	"USA"	"OKLAHOMA:  SPARKS, PRAGUE"	35.531	-96.788	5	5													
	2011	12	11	1	47	25.9	"MEXICO"	"MEXICO:  GUERRERO"	17.844	-99.963	54	6.4		2		5			70	2		5			70
	2012	3	20	18	2	47.4	"MEXICO"	"MEXICO:  GUERRERO, OAXACA"	16.493	-98.231	20	7.4	8	2		13	600	800		2		13	600	800	
	2012	10	28	3	4	8.9	"CANADA"	"CANADA:  QUEEN CHARLOTTE ISLANDS"	52.788	-132.101	14	7.7								1					
	2013	1	5	8	58	19.3	"USA"	"ALASKA:  SOUTHEASTERN"	55.393	-134.652	10	7.5													
	2013	4	18	0	50	38.5	"USA"	"TEXAS:  WEST"	31.817	-97.088	0	2.1		14		200	100	50		14		200	100	50	
	2013	4	22	1	16	32	"MEXICO"	"MEXICO:  MICHOACAN: LAZARO CARDENAS"	18.081	-102.182	30	6	6												
	2013	8	21	12	38	7	"MEXICO"	"MEXICO:  SAN MARCOS, ACAPULCO"	16.878	-99.498	21	6.2	8			1						1			
	2014	2	9	2	16	49	"USA"	"OKLAHOMA:  GUTHRIE"	35.937	-97.271	5	4.1	4												
	2014	3	29	4	10	12	"USA"	"CALIFORNIA:  LA HABRA, BREA, FULLERTON"	33.863	-117.835	4	5.1	6				10.8		20				10.8		20
	2014	4	18	14	28	32	"MEXICO"	"MEXICO:  GUERRERO; MEXICO CITY"	17.397	-100.972	24	7.2	6						127						127
	2014	5	8	17	1	21	"MEXICO"	"MEXICO:  TECPAN"	17.235	-100.746	17	6.4	5												
	2014	6	23	20	53	7	"USA"	"ALASKA:  ALEUTIAN ISLANDS"	51.849	178.735	109	7.9													
	2014	7	7	11	23	7	"MEXICO"	"MEXICO; GUATEMALA:  SAN MARCOS"	14.728	-92.578	67	6.9	5	3		33			50	3		33			50
	2014	7	15	9	8	56	"USA"	"OKLAHOMA:  HARRAH"	35.524	-97.146	5	3.9	5												
	2014	7	25	10	55	12	"USA"	"ALASKA:  SOUTHEASTERN"	58.306	-136.96	10	6.1	4												
	2014	7	29	10	46	7	"MEXICO"	"MEXICO:  OAXACA"	17.682	-95.653	107	6.3	5	1		1				1		1			
	2014	8	24	10	20	6	"USA"	"CALIFORNIA:  NAPA, VALLEJO"	38.216	-122.312	11	6.1	8	1		257	700	160	1034	1		257	700	160	1034
	2015	7	27	4	49	0	"USA"	"ALASKA"	52.214	-169.399	23	6.9													
	2015	12	17	19	49	5	"MEXICO"	"MEXICO:  COCOTITLAN"	15.802	-93.633	85	6.6	5	2						2					
	2016	1	24	10	30	56	"USA"	"ALASKA:  KENAI"	59.658	-153.452	126	7.1	6					4						4	
	2016	11	7	1	44	7	"USA"	"OKLAHOMA:  CUSHING"	35.988	-96.805	3	5	6				20		50				20		50
	2017	5	1	12	31	3	"CANADA"	"ALASKA:  SKAGWAY; CANADA:  BRITISH COLUMBIA"	59.852	-136.677	1	6.2													
	2017	9	8	4	49	2	"MEXICO"	"MEXICO: OAXACA, CHIAPAS, TABASCO; GUATEMALA"	14.761	-94.103	46	8.2	9	98		251	4000	47468	94027	98		251	4000	47468	94027
	2017	9	19	18	14	7	"MEXICO"	"MEXICO: MEXICO CITY, MORELOS, PUEBLA"	18.339	-98.68	39	7.1	9	369		6000	8000	226	184000	369		6000	8000	226	184000
	2017	9	23	12	53	48	"MEXICO"	"MEXICO:  OAXACA"	16.626	-95.078	10	6.1		5		7		11		5		7		11	
	2018	1	23	9	32	29	"USA"	"ALASKA:  KODIAK ISLAND"	56.004	-149.166	14	7.9	9												
	2018	2	16	23	39	28	"MEXICO"	"MEXICO:  OAXACA"	16.386	-97.979	22	7.2		14		19			1000	14		19			1000
	2018	3	4	23	18	21	"USA"	"OKLAHOMA: BRECKENRIDGE, ENID"	36.473	-97.722	5	4.2													
	2018	5	4	22	32	37	"USA"	"HAWAIIAN ISLANDS: PUNA DISTRICT"	19.313	-154.998	2	6.9										1	370	716	
	2018	11	30	17	29	16	"USA"	"ALASKA:  ANCHORAGE"	61.316	-149.925	54	7				117	150	2	1650			117	150	2	1650
	2019	2	1	16	19	29	"MEXICO"	"MEXICO:  CHIAPAS; GUATEMALA:  SAN MARCOS"	14.68	-92.453	66	6.7				4						4			
	2019	7	4	17	33	49	"USA"	"CALIFORNIA:  RIDGECREST;  NEVADA"	35.705	-117.506	11	6.4		1						1					
	2019	7	6	3	19	52	"USA"	"CALIFORNIA:  RIDGECREST"	35.766	-117.605	8	7.1					5300	101	287				5300	101	287
	2020	3	18	13	9	31	"USA"	"UTAH"	40.751	-112.078	12	5.7	6				48.5						48.5		
	2020	6	23	15	29	5	"MEXICO"	"MEXICO: OAXACA"	16.029	-95.901	26	7.4		10		24			8123	10		24			8123
	2020	7	22	6	12	44	"USA"	"ALASKA"	55.03	-158.522	28	7.8	8												
	2020	8	9	12	7	37	"USA"	"NORTH CAROLINA:  SPARTA"	36.476	-81.094	8	5.1						60	465					60	465
	2020	10	19	20	54	39	"USA"	"ALASKA"	54.608	-159.655	33	7.6	8												
	2021	7	29	6	15	47	"USA"	"ALASKA PENINSULA"	55.325	-157.841	32	8.2	8												
	2021	9	8	1	47	47	"MEXICO"	"MEXICO:  GUERRERO"	16.982	-99.773	20	7	7	3			200		7317	3			200		7317
	2022	5	25	21	43	2	"MEXICO"	"MEXICO:  OAXACA"	16.325	-95.856	34	5.5	5												
	2022	9	19	18	5	6	"MEXICO"	"MEXICO:  MICHOACAN, COLIMA, JALISCO"	18.367	-103.252	15	7.6	9	2				800	6084	2				800	6084
	2022	9	22	6	16	9	"MEXICO"	"MEXICO: MEXICO CITY, MICHOACAN"	18.308	-102.923	24	6.8	8	2		3				2		3			